2021 output area,mnemonic,Cannot understand spoken Welsh,% Cannot understand spoken Welsh,Can understand spoken Welsh,% Can understand spoken Welsh
W00008779,W00008779,317,87.3,46,12.7
W00008780,W00008780,361,88.3,48,11.7
W00008781,W00008781,370,88.9,46,11.1
W00008782,W00008782,344,94,22,6
W00008784,W00008784,371,90.5,39,9.5
W00008785,W00008785,336,88.9,42,11.1
W00008786,W00008786,279,86.6,43,13.4
W00008788,W00008788,361,90.7,37,9.3
W00008789,W00008789,258,92.1,22,7.9
W00008790,W00008790,246,89.8,28,10.2
W00008791,W00008791,204,94.9,11,5.1
W00008792,W00008792,232,88.2,31,11.8
W00008794,W00008794,393,89.5,46,10.5
W00008795,W00008795,328,87.5,47,12.5
W00008797,W00008797,295,88.3,39,11.7
W00008798,W00008798,355,84.9,63,15.1
W00008799,W00008799,332,85.8,55,14.2
W00008800,W00008800,343,91.5,32,8.5
W00008801,W00008801,285,86.1,46,13.9
W00008803,W00008803,324,90.3,35,9.7
W00008804,W00008804,409,86.3,65,13.7
W00008807,W00008807,377,86.9,57,13.1
W00008811,W00008811,208,88.1,28,11.9
W00008813,W00008813,206,83.1,42,16.9
W00008814,W00008814,455,93.2,33,6.8
W00008816,W00008816,381,96.5,14,3.5
W00008817,W00008817,327,96.2,13,3.8
W00008818,W00008818,475,90.8,48,9.2
W00008819,W00008819,253,91,25,9
W00008820,W00008820,515,84.4,95,15.6
W00008821,W00008821,398,82.4,85,17.6
W00008822,W00008822,285,86.6,44,13.4
W00008823,W00008823,290,87.6,41,12.4
W00008824,W00008824,383,91.2,37,8.8
W00008825,W00008825,255,90.7,26,9.3
W00008826,W00008826,314,86.5,49,13.5
W00008827,W00008827,294,91,29,9
W00008828,W00008828,280,88.3,37,11.7
W00008829,W00008829,409,89.9,46,10.1
W00008830,W00008830,280,90,31,10
W00008831,W00008831,314,88.5,41,11.5
W00008832,W00008832,210,86.4,33,13.6
W00008833,W00008833,411,85.6,69,14.4
W00008834,W00008834,264,94,17,6
W00008835,W00008835,317,91.6,29,8.4
W00008836,W00008836,239,93.7,16,6.3
W00008837,W00008837,324,87.3,47,12.7
W00008838,W00008838,218,87.9,30,12.1
W00008839,W00008839,185,92,16,8
W00008840,W00008840,326,90.3,35,9.7
W00008841,W00008841,263,92,23,8
W00008842,W00008842,358,86.7,55,13.3
W00008843,W00008843,343,93,26,7
W00008844,W00008844,268,87.9,37,12.1
W00008845,W00008845,231,89.2,28,10.8
W00008846,W00008846,195,85.2,34,14.8
W00008847,W00008847,316,93.2,23,6.8
W00008848,W00008848,251,90.3,27,9.7
W00008849,W00008849,224,90.3,24,9.7
W00008850,W00008850,357,89.2,43,10.8
W00008851,W00008851,274,92.6,22,7.4
W00008852,W00008852,194,86.6,30,13.4
W00008853,W00008853,182,66.2,93,33.8
W00008854,W00008854,219,69.5,96,30.5
W00008855,W00008855,230,75.7,74,24.3
W00008856,W00008856,193,73.4,70,26.6
W00008857,W00008857,183,70.7,76,29.3
W00008858,W00008858,172,68,81,32
W00008859,W00008859,244,70.9,100,29.1
W00008860,W00008860,161,66.3,82,33.7
W00008861,W00008861,315,86.3,50,13.7
W00008862,W00008862,181,77.4,53,22.6
W00008863,W00008863,180,78.6,49,21.4
W00008864,W00008864,219,75.5,71,24.5
W00008865,W00008865,200,78.4,55,21.6
W00008866,W00008866,150,62.5,90,37.5
W00008867,W00008867,202,70.1,86,29.9
W00008868,W00008868,215,71.2,87,28.8
W00008869,W00008869,327,78.8,88,21.2
W00008870,W00008870,234,75.7,75,24.3
W00008871,W00008871,249,72.4,95,27.6
W00008872,W00008872,215,79.9,54,20.1
W00008873,W00008873,218,71.9,85,28.1
W00008874,W00008874,259,73.2,95,26.8
W00008875,W00008875,226,61.9,139,38.1
W00008877,W00008877,219,71.3,88,28.7
W00008878,W00008878,275,68.4,127,31.6
W00008879,W00008879,170,60.1,113,39.9
W00008880,W00008880,284,77.6,82,22.4
W00008881,W00008881,284,81.4,65,18.6
W00008882,W00008882,289,81.4,66,18.6
W00008883,W00008883,244,87.1,36,12.9
W00008884,W00008884,206,80.2,51,19.8
W00008886,W00008886,208,57.3,155,42.7
W00008887,W00008887,182,58.5,129,41.5
W00008888,W00008888,194,85.5,33,14.5
W00008889,W00008889,186,63.9,105,36.1
W00008890,W00008890,186,64.4,103,35.6
W00008891,W00008891,165,75.3,54,24.7
W00008892,W00008892,161,51.6,151,48.4
W00008893,W00008893,251,73.8,89,26.2
W00008894,W00008894,214,68.8,97,31.2
W00008895,W00008895,175,65.8,91,34.2
W00008896,W00008896,160,68.4,74,31.6
W00008897,W00008897,144,75.8,46,24.2
W00008899,W00008899,421,89,52,11
W00008901,W00008901,472,88.7,60,11.3
W00008902,W00008902,465,85.5,79,14.5
W00008903,W00008903,487,87.7,68,12.3
W00008906,W00008906,385,90.4,41,9.6
W00008909,W00008909,448,87.5,64,12.5
W00008910,W00008910,558,89.7,64,10.3
W00008911,W00008911,283,88.7,36,11.3
W00008912,W00008912,477,88.7,61,11.3
W00008913,W00008913,380,88,52,12
W00008915,W00008915,408,93.8,27,6.2
W00008916,W00008916,420,89.2,51,10.8
W00008918,W00008918,414,86.8,63,13.2
W00008919,W00008919,236,89.7,27,10.3
W00008920,W00008920,413,87.3,60,12.7
W00008921,W00008921,254,85.2,44,14.8
W00008922,W00008922,476,88.3,63,11.7
W00008923,W00008923,317,78.7,86,21.3
W00008924,W00008924,439,89.6,51,10.4
W00008925,W00008925,372,85.5,63,14.5
W00008926,W00008926,283,79.5,73,20.5
W00008927,W00008927,354,84.9,63,15.1
W00008929,W00008929,339,89.7,39,10.3
W00008931,W00008931,387,87.2,57,12.8
W00008932,W00008932,479,87.1,71,12.9
W00008933,W00008933,358,88,49,12
W00008934,W00008934,204,70.3,86,29.7
W00008935,W00008935,250,79.4,65,20.6
W00008936,W00008936,209,63.1,122,36.9
W00008937,W00008937,226,75.1,75,24.9
W00008938,W00008938,226,77.4,66,22.6
W00008939,W00008939,197,74.3,68,25.7
W00008940,W00008940,178,65,96,35
W00008941,W00008941,204,81.9,45,18.1
W00008942,W00008942,160,65.8,83,34.2
W00008943,W00008943,352,89.6,41,10.4
W00008945,W00008945,231,83.4,46,16.6
W00008947,W00008947,234,85.7,39,14.3
W00008948,W00008948,263,78,74,22
W00008949,W00008949,255,79.4,66,20.6
W00008950,W00008950,314,86.5,49,13.5
W00008951,W00008951,324,81,76,19
W00008952,W00008952,262,82.4,56,17.6
W00008953,W00008953,255,76.3,79,23.7
W00008954,W00008954,279,81.8,62,18.2
W00008955,W00008955,273,77.3,80,22.7
W00008956,W00008956,258,85.4,44,14.6
W00008957,W00008957,277,85.8,46,14.2
W00008958,W00008958,231,85.9,38,14.1
W00008959,W00008959,273,82.2,59,17.8
W00008960,W00008960,305,84.5,56,15.5
W00008961,W00008961,303,89.9,34,10.1
W00008962,W00008962,219,85.5,37,14.5
W00008963,W00008963,257,87.7,36,12.3
W00008964,W00008964,297,90.8,30,9.2
W00008965,W00008965,331,88.7,42,11.3
W00008966,W00008966,240,78.4,66,21.6
W00008967,W00008967,118,84.3,22,15.7
W00008969,W00008969,233,85,41,15
W00008970,W00008970,251,84.5,46,15.5
W00008971,W00008971,271,83.1,55,16.9
W00008972,W00008972,295,89.1,36,10.9
W00008974,W00008974,228,84.1,43,15.9
W00008975,W00008975,203,77.5,59,22.5
W00008976,W00008976,290,89,36,11
W00008977,W00008977,275,82.8,57,17.2
W00008978,W00008978,183,85.9,30,14.1
W00008979,W00008979,244,86.5,38,13.5
W00008980,W00008980,263,85.9,43,14.1
W00008981,W00008981,293,93.9,19,6.1
W00008982,W00008982,233,93.6,16,6.4
W00008983,W00008983,240,90.6,25,9.4
W00008984,W00008984,291,86.1,47,13.9
W00008985,W00008985,365,92.6,29,7.4
W00008986,W00008986,310,93.1,23,6.9
W00008987,W00008987,271,89.4,32,10.6
W00008988,W00008988,270,91.8,24,8.2
W00008989,W00008989,281,90.9,28,9.1
W00008990,W00008990,239,86.3,38,13.7
W00008991,W00008991,283,91,28,9
W00008992,W00008992,327,92.9,25,7.1
W00008993,W00008993,274,90.4,29,9.6
W00008994,W00008994,233,90.3,25,9.7
W00008995,W00008995,312,92,27,8
W00008996,W00008996,247,88.5,32,11.5
W00008997,W00008997,264,92,23,8
W00008998,W00008998,277,91.1,27,8.9
W00008999,W00008999,318,91.1,31,8.9
W00009000,W00009000,304,86.4,48,13.6
W00009001,W00009001,295,89.1,36,10.9
W00009002,W00009002,346,90.3,37,9.7
W00009003,W00009003,370,90.2,40,9.8
W00009004,W00009004,288,92.9,22,7.1
W00009005,W00009005,348,93.8,23,6.2
W00009006,W00009006,260,90.3,28,9.7
W00009007,W00009007,194,87.8,27,12.2
W00009008,W00009008,290,87.6,41,12.4
W00009009,W00009009,276,87.3,40,12.7
W00009010,W00009010,297,92.8,23,7.2
W00009011,W00009011,279,91.8,25,8.2
W00009012,W00009012,204,87.9,28,12.1
W00009013,W00009013,266,86.1,43,13.9
W00009014,W00009014,319,92.2,27,7.8
W00009015,W00009015,349,85.3,60,14.7
W00009016,W00009016,216,93.1,16,6.9
W00009017,W00009017,215,89.2,26,10.8
W00009018,W00009018,262,91.9,23,8.1
W00009019,W00009019,265,91.7,24,8.3
W00009020,W00009020,238,91.2,23,8.8
W00009021,W00009021,346,87.2,51,12.8
W00009022,W00009022,206,88.4,27,11.6
W00009023,W00009023,229,87.4,33,12.6
W00009024,W00009024,271,88.6,35,11.4
W00009025,W00009025,286,88.5,37,11.5
W00009026,W00009026,218,83.2,44,16.8
W00009027,W00009027,278,91.7,25,8.3
W00009028,W00009028,174,92.6,14,7.4
W00009029,W00009029,266,92,23,8
W00009030,W00009030,272,90.4,29,9.6
W00009031,W00009031,277,90.8,28,9.2
W00009032,W00009032,261,88.2,35,11.8
W00009033,W00009033,259,88.4,34,11.6
W00009034,W00009034,248,84.1,47,15.9
W00009035,W00009035,265,80.3,65,19.7
W00009036,W00009036,309,86.6,48,13.4
W00009037,W00009037,237,90.1,26,9.9
W00009038,W00009038,208,93.3,15,6.7
W00009039,W00009039,235,84.2,44,15.8
W00009040,W00009040,257,87.4,37,12.6
W00009041,W00009041,206,88.4,27,11.6
W00009042,W00009042,231,81.6,52,18.4
W00009043,W00009043,356,87.7,50,12.3
W00009044,W00009044,203,91,20,9
W00009045,W00009045,267,85.9,44,14.1
W00009046,W00009046,198,84.3,37,15.7
W00009047,W00009047,235,87.4,34,12.6
W00009048,W00009048,252,82.6,53,17.4
W00009049,W00009049,292,90.7,30,9.3
W00009050,W00009050,261,86.4,41,13.6
W00009051,W00009051,274,88.7,35,11.3
W00009052,W00009052,184,92.9,14,7.1
W00009053,W00009053,154,84.6,28,15.4
W00009054,W00009054,271,84.2,51,15.8
W00009055,W00009055,282,80.1,70,19.9
W00009056,W00009056,262,86.8,40,13.2
W00009057,W00009057,247,82.6,52,17.4
W00009058,W00009058,170,81,40,19
W00009059,W00009059,278,87.4,40,12.6
W00009060,W00009060,265,80.3,65,19.7
W00009061,W00009061,220,84.3,41,15.7
W00009062,W00009062,201,81.4,46,18.6
W00009063,W00009063,195,85.2,34,14.8
W00009064,W00009064,264,87.7,37,12.3
W00009065,W00009065,262,84.5,48,15.5
W00009066,W00009066,274,87.3,40,12.7
W00009067,W00009067,256,83.1,52,16.9
W00009068,W00009068,210,81.1,49,18.9
W00009069,W00009069,261,85.6,44,14.4
W00009070,W00009070,280,83.8,54,16.2
W00009071,W00009071,214,88.8,27,11.2
W00009072,W00009072,244,89.1,30,10.9
W00009073,W00009073,351,89.5,41,10.5
W00009074,W00009074,308,84.8,55,15.2
W00009075,W00009075,255,75,85,25
W00009077,W00009077,270,79.4,70,20.6
W00009080,W00009080,354,89.8,40,10.2
W00009081,W00009081,246,82.6,52,17.4
W00009082,W00009082,310,83.1,63,16.9
W00009084,W00009084,244,83.8,47,16.2
W00009085,W00009085,354,82.9,73,17.1
W00009086,W00009086,256,77.8,73,22.2
W00009087,W00009087,288,78,81,22
W00009088,W00009088,406,86,66,14
W00009089,W00009089,286,85.4,49,14.6
W00009090,W00009090,318,85.9,52,14.1
W00009091,W00009091,344,93.2,25,6.8
W00009092,W00009092,241,85.2,42,14.8
W00009093,W00009093,313,90.2,34,9.8
W00009094,W00009094,200,85.8,33,14.2
W00009095,W00009095,343,89.1,42,10.9
W00009096,W00009096,370,85.5,63,14.5
W00009097,W00009097,272,84.2,51,15.8
W00009098,W00009098,318,85.7,53,14.3
W00009099,W00009099,220,78.6,60,21.4
W00009100,W00009100,335,86.6,52,13.4
W00009101,W00009101,404,92,35,8
W00009102,W00009102,217,82.8,45,17.2
W00009104,W00009104,471,92.7,37,7.3
W00009105,W00009105,373,86.7,57,13.3
W00009106,W00009106,308,84.4,57,15.6
W00009107,W00009107,296,85.3,51,14.7
W00009108,W00009108,227,81.4,52,18.6
W00009109,W00009109,175,92.1,15,7.9
W00009110,W00009110,299,79.9,75,20.1
W00009111,W00009111,273,84.5,50,15.5
W00009112,W00009112,336,88,46,12
W00009113,W00009113,269,82.5,57,17.5
W00009114,W00009114,348,85.3,60,14.7
W00009115,W00009115,277,90.8,28,9.2
W00009116,W00009116,256,80.8,61,19.2
W00009117,W00009117,412,91.8,37,8.2
W00009118,W00009118,230,92.7,18,7.3
W00009119,W00009119,307,87,46,13
W00009120,W00009120,327,87.4,47,12.6
W00009121,W00009121,284,96.3,11,3.7
W00009123,W00009123,431,86.9,65,13.1
W00009125,W00009125,292,85.1,51,14.9
W00009126,W00009126,309,87.8,43,12.2
W00009127,W00009127,290,86.8,44,13.2
W00009128,W00009128,286,85.1,50,14.9
W00009129,W00009129,400,91.1,39,8.9
W00009130,W00009130,222,84.4,41,15.6
W00009131,W00009131,278,84.8,50,15.2
W00009132,W00009132,278,93,21,7
W00009133,W00009133,265,89.5,31,10.5
W00009134,W00009134,182,74,64,26
W00009135,W00009135,352,93.1,26,6.9
W00009136,W00009136,254,81.2,59,18.8
W00009137,W00009137,180,79.3,47,20.7
W00009138,W00009138,240,79.7,61,20.3
W00009139,W00009139,243,86.2,39,13.8
W00009140,W00009140,306,79.1,81,20.9
W00009141,W00009141,400,87.9,55,12.1
W00009142,W00009142,173,83.2,35,16.8
W00009143,W00009143,225,79.2,59,20.8
W00009144,W00009144,230,86.8,35,13.2
W00009145,W00009145,246,85.1,43,14.9
W00009146,W00009146,235,74.1,82,25.9
W00009147,W00009147,243,87.1,36,12.9
W00009148,W00009148,105,91.3,10,8.7
W00009149,W00009149,295,81.9,65,18.1
W00009150,W00009150,291,85.6,49,14.4
W00009151,W00009151,268,84.5,49,15.5
W00009152,W00009152,281,83.1,57,16.9
W00009153,W00009153,264,88.9,33,11.1
W00009154,W00009154,329,82.7,69,17.3
W00009155,W00009155,157,86.3,25,13.7
W00009156,W00009156,215,84.6,39,15.4
W00009157,W00009157,399,83.6,78,16.4
W00009159,W00009159,381,89.2,46,10.8
W00009160,W00009160,273,83,56,17
W00009161,W00009161,332,84.5,61,15.5
W00009162,W00009162,209,78.6,57,21.4
W00009163,W00009163,225,71.7,89,28.3
W00009164,W00009164,243,75.9,77,24.1
W00009165,W00009165,217,82.2,47,17.8
W00009166,W00009166,245,81.4,56,18.6
W00009168,W00009168,201,85.9,33,14.1
W00009169,W00009169,259,76,82,24
W00009170,W00009170,237,79,63,21
W00009171,W00009171,456,89.8,52,10.2
W00009172,W00009172,248,82.7,52,17.3
W00009173,W00009173,202,82.4,43,17.6
W00009174,W00009174,254,77.7,73,22.3
W00009175,W00009175,263,80.7,63,19.3
W00009176,W00009176,299,84.7,54,15.3
W00009177,W00009177,263,82.2,57,17.8
W00009178,W00009178,204,84,39,16
W00009179,W00009179,276,86.5,43,13.5
W00009180,W00009180,276,82.4,59,17.6
W00009181,W00009181,438,84.7,79,15.3
W00009182,W00009182,257,84.3,48,15.7
W00009183,W00009183,336,81.8,75,18.2
W00009184,W00009184,251,83.9,48,16.1
W00009186,W00009186,177,65.8,92,34.2
W00009187,W00009187,198,75.3,65,24.7
W00009188,W00009188,253,80.8,60,19.2
W00009189,W00009189,255,91.1,25,8.9
W00009190,W00009190,272,89.8,31,10.2
W00009191,W00009191,381,83.9,73,16.1
W00009192,W00009192,183,82.1,40,17.9
W00009193,W00009193,169,81.6,38,18.4
W00009194,W00009194,294,84,56,16
W00009195,W00009195,275,82.8,57,17.2
W00009196,W00009196,203,73.6,73,26.4
W00009197,W00009197,215,74.4,74,25.6
W00009198,W00009198,257,61.2,163,38.8
W00009199,W00009199,215,73.4,78,26.6
W00009200,W00009200,216,73.5,78,26.5
W00009201,W00009201,226,79.9,57,20.1
W00009202,W00009202,200,79.1,53,20.9
W00009203,W00009203,158,73.1,58,26.9
W00009204,W00009204,188,77.7,54,22.3
W00009205,W00009205,247,78.2,69,21.8
W00009206,W00009206,247,86.1,40,13.9
W00009207,W00009207,183,84.7,33,15.3
W00009208,W00009208,264,83.5,52,16.5
W00009209,W00009209,211,85.8,35,14.2
W00009210,W00009210,193,86.2,31,13.8
W00009211,W00009211,220,86.3,35,13.7
W00009212,W00009212,195,81.9,43,18.1
W00009213,W00009213,168,58.9,117,41.1
W00009214,W00009214,216,86.1,35,13.9
W00009215,W00009215,245,87.5,35,12.5
W00009216,W00009216,275,81.8,61,18.2
W00009217,W00009217,226,86.9,34,13.1
W00009218,W00009218,245,83.1,50,16.9
W00009219,W00009219,185,72.5,70,27.5
W00009220,W00009220,267,83.7,52,16.3
W00009221,W00009221,291,85.6,49,14.4
W00009222,W00009222,245,92.5,20,7.5
W00009223,W00009223,275,84.4,51,15.6
W00009224,W00009224,262,88.2,35,11.8
W00009225,W00009225,236,78.1,66,21.9
W00009226,W00009226,284,88.5,37,11.5
W00009227,W00009227,191,74.6,65,25.4
W00009228,W00009228,205,80.7,49,19.3
W00009229,W00009229,230,65.9,119,34.1
W00009230,W00009230,311,91.5,29,8.5
W00009231,W00009231,223,91.4,21,8.6
W00009232,W00009232,291,87.4,42,12.6
W00009233,W00009233,276,84.4,51,15.6
W00009234,W00009234,188,79.7,48,20.3
W00009235,W00009235,253,80.1,63,19.9
W00009236,W00009236,307,86.7,47,13.3
W00009237,W00009237,374,89,46,11
W00009238,W00009238,223,78.8,60,21.2
W00009239,W00009239,272,87.5,39,12.5
W00009240,W00009240,238,82.4,51,17.6
W00009241,W00009241,295,93.1,22,6.9
W00009242,W00009242,280,84.6,51,15.4
W00009243,W00009243,268,82.5,57,17.5
W00009244,W00009244,201,78.8,54,21.2
W00009245,W00009245,358,78.7,97,21.3
W00009246,W00009246,271,80.4,66,19.6
W00009247,W00009247,249,82.5,53,17.5
W00009248,W00009248,239,85.1,42,14.9
W00009249,W00009249,238,80.1,59,19.9
W00009250,W00009250,225,82.1,49,17.9
W00009251,W00009251,300,80.4,73,19.6
W00009252,W00009252,317,78.1,89,21.9
W00009253,W00009253,254,85.5,43,14.5
W00009254,W00009254,286,86.1,46,13.9
W00009255,W00009255,223,80.8,53,19.2
W00009256,W00009256,282,77.9,80,22.1
W00009258,W00009258,316,89.5,37,10.5
W00009259,W00009259,234,90.3,25,9.7
W00009260,W00009260,278,92.1,24,7.9
W00009261,W00009261,277,83.2,56,16.8
W00009262,W00009262,233,85,41,15
W00009263,W00009263,318,82.6,67,17.4
W00009264,W00009264,251,86.9,38,13.1
W00009265,W00009265,228,86.7,35,13.3
W00009266,W00009266,195,79.3,51,20.7
W00009267,W00009267,194,85.8,32,14.2
W00009268,W00009268,188,83.6,37,16.4
W00009269,W00009269,226,86.9,34,13.1
W00009270,W00009270,234,89.7,27,10.3
W00009271,W00009271,185,85.3,32,14.7
W00009272,W00009272,237,86.5,37,13.5
W00009273,W00009273,192,85,34,15
W00009274,W00009274,232,86.2,37,13.8
W00009275,W00009275,203,87.1,30,12.9
W00009276,W00009276,266,78.5,73,21.5
W00009277,W00009277,218,81.6,49,18.4
W00009278,W00009278,213,90.3,23,9.7
W00009279,W00009279,213,81.3,49,18.7
W00009280,W00009280,256,82.6,54,17.4
W00009281,W00009281,312,85.5,53,14.5
W00009282,W00009282,240,87.6,34,12.4
W00009283,W00009283,237,78.2,66,21.8
W00009284,W00009284,262,87,39,13
W00009285,W00009285,257,81.8,57,18.2
W00009286,W00009286,226,85.3,39,14.7
W00009287,W00009287,224,82.1,49,17.9
W00009288,W00009288,277,88.2,37,11.8
W00009289,W00009289,241,88.3,32,11.7
W00009290,W00009290,234,79.6,60,20.4
W00009291,W00009291,188,90,21,10
W00009292,W00009292,276,82.9,57,17.1
W00009293,W00009293,311,86.6,48,13.4
W00009294,W00009294,233,94.3,14,5.7
W00009295,W00009295,337,92.8,26,7.2
W00009296,W00009296,233,85.3,40,14.7
W00009297,W00009297,288,90.6,30,9.4
W00009298,W00009298,244,91.7,22,8.3
W00009299,W00009299,352,94.6,20,5.4
W00009300,W00009300,265,92.7,21,7.3
W00009301,W00009301,287,89.4,34,10.6
W00009302,W00009302,274,87.8,38,12.2
W00009303,W00009303,235,87,35,13
W00009304,W00009304,255,82,56,18
W00009305,W00009305,227,90.1,25,9.9
W00009306,W00009306,229,91.2,22,8.8
W00009307,W00009307,273,88.1,37,11.9
W00009308,W00009308,224,92.9,17,7.1
W00009309,W00009309,279,89.1,34,10.9
W00009310,W00009310,285,91.1,28,8.9
W00009311,W00009311,238,84.7,43,15.3
W00009312,W00009312,290,83.1,59,16.9
W00009313,W00009313,168,88.4,22,11.6
W00009314,W00009314,247,90.1,27,9.9
W00009315,W00009315,236,80.8,56,19.2
W00009316,W00009316,236,91.8,21,8.2
W00009317,W00009317,279,93.9,18,6.1
W00009318,W00009318,339,92.9,26,7.1
W00009319,W00009319,297,94.6,17,5.4
W00009320,W00009320,298,93.1,22,6.9
W00009321,W00009321,251,84.5,46,15.5
W00009322,W00009322,354,93.7,24,6.3
W00009323,W00009323,306,90.8,31,9.2
W00009324,W00009324,277,91.7,25,8.3
W00009325,W00009325,324,89,40,11
W00009326,W00009326,275,90.2,30,9.8
W00009327,W00009327,254,92.7,20,7.3
W00009328,W00009328,298,91.4,28,8.6
W00009329,W00009329,309,93.6,21,6.4
W00009330,W00009330,391,86.9,59,13.1
W00009331,W00009331,323,89.5,38,10.5
W00009332,W00009332,297,92.5,24,7.5
W00009333,W00009333,296,86.5,46,13.5
W00009334,W00009334,249,89.6,29,10.4
W00009335,W00009335,310,91.2,30,8.8
W00009336,W00009336,252,89.4,30,10.6
W00009337,W00009337,433,90.2,47,9.8
W00009338,W00009338,268,85.6,45,14.4
W00009339,W00009339,347,93.5,24,6.5
W00009340,W00009340,362,90,40,10
W00009341,W00009341,275,88.1,37,11.9
W00009342,W00009342,365,91.2,35,8.8
W00009343,W00009343,239,87.2,35,12.8
W00009344,W00009344,350,93.1,26,6.9
W00009345,W00009345,358,93.7,24,6.3
W00009346,W00009346,311,93.4,22,6.6
W00009347,W00009347,211,83.4,42,16.6
W00009348,W00009348,269,89.1,33,10.9
W00009349,W00009349,242,88.6,31,11.4
W00009350,W00009350,208,90.8,21,9.2
W00009351,W00009351,317,93.2,23,6.8
W00009352,W00009352,298,89.5,35,10.5
W00009353,W00009353,303,91,30,9
W00009354,W00009354,341,89.7,39,10.3
W00009355,W00009355,229,90.2,25,9.8
W00009356,W00009356,332,87.1,49,12.9
W00009357,W00009357,267,88.4,35,11.6
W00009358,W00009358,378,87.5,54,12.5
W00009359,W00009359,225,88.2,30,11.8
W00009360,W00009360,292,93.3,21,6.7
W00009361,W00009361,370,90.5,39,9.5
W00009362,W00009362,259,87.5,37,12.5
W00009363,W00009363,182,95.3,9,4.7
W00009364,W00009364,284,91.6,26,8.4
W00009365,W00009365,227,91.2,22,8.8
W00009366,W00009366,310,86.6,48,13.4
W00009367,W00009367,268,91.5,25,8.5
W00009368,W00009368,277,91.7,25,8.3
W00009369,W00009369,369,92.5,30,7.5
W00009371,W00009371,304,90.7,31,9.3
W00009372,W00009372,297,86.6,46,13.4
W00009373,W00009373,272,88.6,35,11.4
W00009374,W00009374,284,92.5,23,7.5
W00009375,W00009375,293,71.6,116,28.4
W00009376,W00009376,287,74.2,100,25.8
W00009377,W00009377,212,76.8,64,23.2
W00009378,W00009378,267,75.4,87,24.6
W00009379,W00009379,181,71.5,72,28.5
W00009380,W00009380,193,76.6,59,23.4
W00009381,W00009381,224,76.2,70,23.8
W00009382,W00009382,221,79.5,57,20.5
W00009383,W00009383,212,75.4,69,24.6
W00009384,W00009384,239,69.1,107,30.9
W00009385,W00009385,281,74.9,94,25.1
W00009386,W00009386,352,85.4,60,14.6
W00009387,W00009387,252,86.6,39,13.4
W00009389,W00009389,298,81.6,67,18.4
W00009390,W00009390,284,81.8,63,18.2
W00009391,W00009391,362,87.2,53,12.8
W00009392,W00009392,253,81.4,58,18.6
W00009393,W00009393,211,86.8,32,13.2
W00009394,W00009394,248,74.9,83,25.1
W00009395,W00009395,208,73.8,74,26.2
W00009396,W00009396,251,80.2,62,19.8
W00009397,W00009397,262,77.1,78,22.9
W00009398,W00009398,236,89.1,29,10.9
W00009399,W00009399,227,75.9,72,24.1
W00009400,W00009400,290,81.5,66,18.5
W00009401,W00009401,263,84.6,48,15.4
W00009402,W00009402,233,78.5,64,21.5
W00009403,W00009403,274,83.8,53,16.2
W00009404,W00009404,222,84.4,41,15.6
W00009405,W00009405,226,90.4,24,9.6
W00009407,W00009407,216,69,97,31
W00009408,W00009408,231,93.1,17,6.9
W00009409,W00009409,243,81.8,54,18.2
W00009410,W00009410,317,90.3,34,9.7
W00009411,W00009411,301,76.4,93,23.6
W00009412,W00009412,250,80.4,61,19.6
W00009413,W00009413,223,78.8,60,21.2
W00009414,W00009414,234,88,32,12
W00009415,W00009415,282,82.9,58,17.1
W00009416,W00009416,283,82.3,61,17.7
W00009417,W00009417,233,84.4,43,15.6
W00009418,W00009418,227,85.3,39,14.7
W00009419,W00009419,210,75,70,25
W00009420,W00009420,278,83,57,17
W00009421,W00009421,246,87.9,34,12.1
W00009422,W00009422,241,76.3,75,23.7
W00009423,W00009423,327,88.6,42,11.4
W00009424,W00009424,333,90,37,10
W00009425,W00009425,286,85.6,48,14.4
W00009426,W00009426,252,88.4,33,11.6
W00009427,W00009427,260,88.7,33,11.3
W00009428,W00009428,345,88.9,43,11.1
W00009429,W00009429,248,90.2,27,9.8
W00009430,W00009430,202,84.9,36,15.1
W00009431,W00009431,203,84.2,38,15.8
W00009432,W00009432,232,88.5,30,11.5
W00009433,W00009433,356,81.3,82,18.7
W00009434,W00009434,369,92.5,30,7.5
W00009435,W00009435,163,86.7,25,13.3
W00009436,W00009436,268,85.6,45,14.4
W00009437,W00009437,311,91.2,30,8.8
W00009438,W00009438,199,85.8,33,14.2
W00009439,W00009439,246,86,40,14
W00009440,W00009440,252,84.8,45,15.2
W00009441,W00009441,376,90.2,41,9.8
W00009442,W00009442,163,79.5,42,20.5
W00009443,W00009443,284,91,28,9
W00009444,W00009444,264,88.6,34,11.4
W00009445,W00009445,222,87.1,33,12.9
W00009446,W00009446,343,90.5,36,9.5
W00009447,W00009447,212,89.1,26,10.9
W00009448,W00009448,279,91.2,27,8.8
W00009450,W00009450,359,92.1,31,7.9
W00009451,W00009451,315,84.2,59,15.8
W00009452,W00009452,275,81.6,62,18.4
W00009453,W00009453,275,79.9,69,20.1
W00009454,W00009454,380,92,33,8
W00009455,W00009455,166,91.2,16,8.8
W00009456,W00009456,324,88.3,43,11.7
W00009457,W00009457,265,81.5,60,18.5
W00009458,W00009458,249,83,51,17
W00009459,W00009459,213,87.3,31,12.7
W00009460,W00009460,325,87.1,48,12.9
W00009461,W00009461,234,83.3,47,16.7
W00009462,W00009462,291,82.4,62,17.6
W00009463,W00009463,286,85.1,50,14.9
W00009464,W00009464,235,85.8,39,14.2
W00009465,W00009465,376,87.6,53,12.4
W00009466,W00009466,286,86.4,45,13.6
W00009467,W00009467,278,88,38,12
W00009468,W00009468,413,86.6,64,13.4
W00009469,W00009469,200,87.7,28,12.3
W00009470,W00009470,206,83.7,40,16.3
W00009472,W00009472,202,84.5,37,15.5
W00009473,W00009473,246,84.5,45,15.5
W00009474,W00009474,249,74.8,84,25.2
W00009475,W00009475,237,90.1,26,9.9
W00009476,W00009476,568,90.9,57,9.1
W00009480,W00009480,194,91.9,17,8.1
W00009481,W00009481,334,89.3,40,10.7
W00009482,W00009482,286,91.7,26,8.3
W00009483,W00009483,166,87.4,24,12.6
W00009484,W00009484,234,95.9,10,4.1
W00009486,W00009486,296,85.3,51,14.7
W00009487,W00009487,234,87.3,34,12.7
W00009488,W00009488,295,90.8,30,9.2
W00009489,W00009489,233,86.3,37,13.7
W00009490,W00009490,396,86.7,61,13.3
W00009491,W00009491,393,84.3,73,15.7
W00009492,W00009492,171,86.4,27,13.6
W00009493,W00009493,251,83.1,51,16.9
W00009494,W00009494,387,87.4,56,12.6
W00009495,W00009495,246,84.5,45,15.5
W00009496,W00009496,264,87.4,38,12.6
W00009497,W00009497,346,86.3,55,13.7
W00009499,W00009499,228,89.1,28,10.9
W00009500,W00009500,260,90.6,27,9.4
W00009501,W00009501,317,86.4,50,13.6
W00009502,W00009502,303,84.2,57,15.8
W00009503,W00009503,451,81.3,104,18.7
W00009505,W00009505,179,78.5,49,21.5
W00009506,W00009506,248,85.8,41,14.2
W00009507,W00009507,267,84.2,50,15.8
W00009508,W00009508,264,83.8,51,16.2
W00009509,W00009509,243,81,57,19
W00009510,W00009510,260,84.1,49,15.9
W00009511,W00009511,271,78.1,76,21.9
W00009512,W00009512,292,79.1,77,20.9
W00009514,W00009514,244,82.2,53,17.8
W00009515,W00009515,246,82.8,51,17.2
W00009516,W00009516,350,75.6,113,24.4
W00009517,W00009517,215,78.2,60,21.8
W00009518,W00009518,230,84.2,43,15.8
W00009519,W00009519,190,84.8,34,15.2
W00009520,W00009520,231,79.9,58,20.1
W00009521,W00009521,260,88.1,35,11.9
W00009522,W00009522,232,85.3,40,14.7
W00009524,W00009524,232,88.2,31,11.8
W00009525,W00009525,243,80.2,60,19.8
W00009526,W00009526,294,79.9,74,20.1
W00009527,W00009527,264,82.5,56,17.5
W00009528,W00009528,225,90.4,24,9.6
W00009529,W00009529,278,84,53,16
W00009530,W00009530,221,87,33,13
W00009531,W00009531,219,83.3,44,16.7
W00009532,W00009532,260,85.2,45,14.8
W00009533,W00009533,210,84.7,38,15.3
W00009534,W00009534,169,88.5,22,11.5
W00009535,W00009535,217,86.8,33,13.2
W00009536,W00009536,218,84.5,40,15.5
W00009537,W00009537,192,82.4,41,17.6
W00009538,W00009538,192,93.2,14,6.8
W00009539,W00009539,210,67.5,101,32.5
W00009540,W00009540,209,74.1,73,25.9
W00009541,W00009541,213,79.5,55,20.5
W00009542,W00009542,172,70.2,73,29.8
W00009543,W00009543,230,72.8,86,27.2
W00009544,W00009544,219,77.9,62,22.1
W00009545,W00009545,240,81.4,55,18.6
W00009546,W00009546,209,87.8,29,12.2
W00009547,W00009547,230,86.1,37,13.9
W00009548,W00009548,214,79,57,21
W00009549,W00009549,253,80.8,60,19.2
W00009550,W00009550,216,85.4,37,14.6
W00009551,W00009551,227,87,34,13
W00009552,W00009552,199,85,35,15
W00009553,W00009553,246,87.5,35,12.5
W00009554,W00009554,195,83,40,17
W00009555,W00009555,203,80.9,48,19.1
W00009556,W00009556,252,80,63,20
W00009557,W00009557,378,92.9,29,7.1
W00009558,W00009558,233,76.4,72,23.6
W00009559,W00009559,338,90.6,35,9.4
W00009560,W00009560,388,92.4,32,7.6
W00009561,W00009561,294,87.8,41,12.2
W00009562,W00009562,279,92.1,24,7.9
W00009563,W00009563,248,88.9,31,11.1
W00009564,W00009564,277,82,61,18
W00009565,W00009565,339,88.3,45,11.7
W00009566,W00009566,368,90.2,40,9.8
W00009567,W00009567,240,90.6,25,9.4
W00009568,W00009568,341,90.2,37,9.8
W00009569,W00009569,258,87.5,37,12.5
W00009570,W00009570,397,94.3,24,5.7
W00009571,W00009571,304,88.4,40,11.6
W00009572,W00009572,303,90.4,32,9.6
W00009573,W00009573,318,91.1,31,8.9
W00009574,W00009574,324,89,40,11
W00009575,W00009575,140,95.2,7,4.8
W00009576,W00009576,220,82.1,48,17.9
W00009577,W00009577,174,70.4,73,29.6
W00009578,W00009578,182,65.9,94,34.1
W00009579,W00009579,159,82.4,34,17.6
W00009580,W00009580,229,79.2,60,20.8
W00009581,W00009581,206,73.8,73,26.2
W00009582,W00009582,220,78.3,61,21.7
W00009583,W00009583,206,65.4,109,34.6
W00009584,W00009584,195,68.9,88,31.1
W00009585,W00009585,168,70.9,69,29.1
W00009586,W00009586,250,77.9,71,22.1
W00009587,W00009587,178,72.4,68,27.6
W00009588,W00009588,266,87.2,39,12.8
W00009589,W00009589,193,72.8,72,27.2
W00009590,W00009590,176,69.6,77,30.4
W00009591,W00009591,243,81.3,56,18.7
W00009592,W00009592,210,75.3,69,24.7
W00009593,W00009593,178,72.4,68,27.6
W00009594,W00009594,207,73.1,76,26.9
W00009595,W00009595,228,65,123,35
W00009596,W00009596,183,68.3,85,31.7
W00009597,W00009597,292,83.7,57,16.3
W00009598,W00009598,395,91.2,38,8.8
W00009599,W00009599,268,83.8,52,16.2
W00009600,W00009600,277,89.6,32,10.4
W00009601,W00009601,284,91.3,27,8.7
W00009602,W00009602,267,88.7,34,11.3
W00009603,W00009603,289,92,25,8
W00009604,W00009604,225,89.6,26,10.4
W00009605,W00009605,265,86.9,40,13.1
W00009606,W00009606,244,93.1,18,6.9
W00009607,W00009607,256,86.2,41,13.8
W00009608,W00009608,293,93,22,7
W00009609,W00009609,279,92.1,24,7.9
W00009610,W00009610,303,82.1,66,17.9
W00009611,W00009611,275,89.9,31,10.1
W00009612,W00009612,261,87,39,13
W00009613,W00009613,267,89.3,32,10.7
W00009614,W00009614,241,85.8,40,14.2
W00009615,W00009615,327,93.2,24,6.8
W00009616,W00009616,321,90.7,33,9.3
W00009617,W00009617,171,94,11,6
W00009618,W00009618,290,91.2,28,8.8
W00009619,W00009619,301,88,41,12
W00009620,W00009620,274,93.2,20,6.8
W00009621,W00009621,260,90.6,27,9.4
W00009622,W00009622,233,86.9,35,13.1
W00009623,W00009623,250,89.9,28,10.1
W00009624,W00009624,428,91.1,42,8.9
W00009625,W00009625,253,93,19,7
W00009626,W00009626,268,94,17,6
W00009627,W00009627,240,89.6,28,10.4
W00009629,W00009629,298,83.5,59,16.5
W00009630,W00009630,302,87.8,42,12.2
W00009631,W00009631,264,87.1,39,12.9
W00009632,W00009632,262,86.8,40,13.2
W00009633,W00009633,278,88.8,35,11.2
W00009634,W00009634,245,84.8,44,15.2
W00009635,W00009635,264,88.3,35,11.7
W00009636,W00009636,259,80.7,62,19.3
W00009637,W00009637,231,84.3,43,15.7
W00009638,W00009638,231,91.3,22,8.7
W00009639,W00009639,356,86,58,14
W00009640,W00009640,273,85.6,46,14.4
W00009641,W00009641,217,88.2,29,11.8
W00009642,W00009642,253,90.7,26,9.3
W00009643,W00009643,210,77.5,61,22.5
W00009644,W00009644,191,88,26,12
W00009645,W00009645,381,93.4,27,6.6
W00009646,W00009646,290,92.9,22,7.1
W00009647,W00009647,311,87.1,46,12.9
W00009648,W00009648,250,91.6,23,8.4
W00009649,W00009649,339,93.4,24,6.6
W00009650,W00009650,205,88.7,26,11.3
W00009651,W00009651,340,89.5,40,10.5
W00009652,W00009652,322,92.3,27,7.7
W00009653,W00009653,375,87.6,53,12.4
W00009654,W00009654,238,85.6,40,14.4
W00009655,W00009655,264,91,26,9
W00009657,W00009657,178,89.4,21,10.6
W00009658,W00009658,236,85.2,41,14.8
W00009659,W00009659,275,82.6,58,17.4
W00009660,W00009660,279,86.4,44,13.6
W00009661,W00009661,262,89.1,32,10.9
W00009662,W00009662,272,90.7,28,9.3
W00009663,W00009663,278,89.7,32,10.3
W00009664,W00009664,250,87.4,36,12.6
W00009665,W00009665,268,88.7,34,11.3
W00009666,W00009666,136,95.8,6,4.2
W00009667,W00009667,179,82.9,37,17.1
W00009668,W00009668,221,83.4,44,16.6
W00009669,W00009669,407,89.8,46,10.2
W00009670,W00009670,352,90.7,36,9.3
W00009671,W00009671,251,89.6,29,10.4
W00009672,W00009672,283,90.1,31,9.9
W00009673,W00009673,286,89.9,32,10.1
W00009675,W00009675,273,87.2,40,12.8
W00009676,W00009676,355,97.3,10,2.7
W00009677,W00009677,233,88.9,29,11.1
W00009678,W00009678,215,93.1,16,6.9
W00009679,W00009679,304,87.1,45,12.9
W00009680,W00009680,328,88.6,42,11.4
W00009681,W00009681,288,96.6,10,3.4
W00009682,W00009682,314,89.2,38,10.8
W00009683,W00009683,270,89.7,31,10.3
W00009684,W00009684,251,89.3,30,10.7
W00009686,W00009686,278,90.6,29,9.4
W00009687,W00009687,295,87.8,41,12.2
W00009688,W00009688,256,87.7,36,12.3
W00009689,W00009689,199,88.1,27,11.9
W00009690,W00009690,401,92.4,33,7.6
W00009691,W00009691,503,92.1,43,7.9
W00009692,W00009692,302,86.5,47,13.5
W00009693,W00009693,317,91.9,28,8.1
W00009694,W00009694,207,89.6,24,10.4
W00009695,W00009695,303,90.7,31,9.3
W00009696,W00009696,266,92.4,22,7.6
W00009697,W00009697,261,90.9,26,9.1
W00009698,W00009698,227,88.3,30,11.7
W00009699,W00009699,211,89.4,25,10.6
W00009700,W00009700,254,90.4,27,9.6
W00009701,W00009701,193,92.8,15,7.2
W00009702,W00009702,337,91.3,32,8.7
W00009703,W00009703,202,87.8,28,12.2
W00009704,W00009704,286,89.9,32,10.1
W00009705,W00009705,219,85.2,38,14.8
W00009706,W00009706,275,89.9,31,10.1
W00009707,W00009707,253,87.5,36,12.5
W00009708,W00009708,281,88.1,38,11.9
W00009710,W00009710,333,88.8,42,11.2
W00009711,W00009711,284,85,50,15
W00009712,W00009712,252,89.7,29,10.3
W00009713,W00009713,329,89.2,40,10.8
W00009714,W00009714,274,88.4,36,11.6
W00009715,W00009715,340,91.9,30,8.1
W00009716,W00009716,250,80.9,59,19.1
W00009717,W00009717,216,79.4,56,20.6
W00009718,W00009718,300,84.7,54,15.3
W00009719,W00009719,272,88.3,36,11.7
W00009720,W00009720,242,83.4,48,16.6
W00009721,W00009721,223,89.6,26,10.4
W00009722,W00009722,190,69.3,84,30.7
W00009723,W00009723,186,66.9,92,33.1
W00009724,W00009724,214,64.8,116,35.2
W00009725,W00009725,207,66.3,105,33.7
W00009726,W00009726,212,64.6,116,35.4
W00009727,W00009727,221,78.1,62,21.9
W00009728,W00009728,258,85.7,43,14.3
W00009729,W00009729,227,82.2,49,17.8
W00009730,W00009730,195,83.3,39,16.7
W00009731,W00009731,207,83.5,41,16.5
W00009732,W00009732,174,84.5,32,15.5
W00009733,W00009733,220,76.9,66,23.1
W00009734,W00009734,184,81.4,42,18.6
W00009735,W00009735,469,90,52,10
W00009736,W00009736,252,85.4,43,14.6
W00009737,W00009737,233,85.3,40,14.7
W00009738,W00009738,233,87.3,34,12.7
W00009739,W00009739,268,81.5,61,18.5
W00009740,W00009740,362,80.8,86,19.2
W00009741,W00009741,239,72.2,92,27.8
W00009742,W00009742,216,83.1,44,16.9
W00009743,W00009743,260,86.4,41,13.6
W00009744,W00009744,204,86.4,32,13.6
W00009745,W00009745,202,78,57,22
W00009746,W00009746,219,73.7,78,26.3
W00009747,W00009747,189,74.7,64,25.3
W00009748,W00009748,169,80.9,40,19.1
W00009749,W00009749,235,66.4,119,33.6
W00009750,W00009750,238,86.5,37,13.5
W00009751,W00009751,323,76.5,99,23.5
W00009752,W00009752,99,78.6,27,21.4
W00009753,W00009753,151,76.3,47,23.7
W00009754,W00009754,164,91.6,15,8.4
W00009755,W00009755,191,75.5,62,24.5
W00009756,W00009756,168,85.7,28,14.3
W00009757,W00009757,242,76.3,75,23.7
W00009758,W00009758,189,62.4,114,37.6
W00009759,W00009759,197,77.3,58,22.7
W00009760,W00009760,281,88.9,35,11.1
W00009761,W00009761,229,75.8,73,24.2
W00009762,W00009762,228,64,128,36
W00009763,W00009763,229,80.4,56,19.6
W00009764,W00009764,215,85.3,37,14.7
W00009765,W00009765,193,71.7,76,28.3
W00009766,W00009766,224,80,56,20
W00009767,W00009767,202,63.5,116,36.5
W00009768,W00009768,232,84.4,43,15.6
W00009769,W00009769,180,90,20,10
W00009982,W00009982,1427,91.3,136,8.7
W00009983,W00009983,551,92,48,8
W00009985,W00009985,316,89.5,37,10.5
W00010115,W00010115,774,86.4,122,13.6
W00010116,W00010116,201,93.9,13,6.1
W00010118,W00010118,309,92.2,26,7.8
W00010119,W00010119,597,90.5,63,9.5
W00010120,W00010120,256,89.8,29,10.2
W00010121,W00010121,164,91.6,15,8.4
W00010122,W00010122,218,92.8,17,7.2
W00010123,W00010123,314,87,47,13
W00010124,W00010124,251,93,19,7
W00010125,W00010125,342,87.9,47,12.1
W00010127,W00010127,200,80,50,20
W00010128,W00010128,617,92,54,8
W00010129,W00010129,129,77.2,38,22.8
W00010130,W00010130,399,91.9,35,8.1
W00010131,W00010131,328,94.5,19,5.5
W00010132,W00010132,193,93.2,14,6.8
W00010133,W00010133,268,86.5,42,13.5
W00010134,W00010134,232,85.6,39,14.4
W00010135,W00010135,309,83.7,60,16.3
W00010136,W00010136,236,85.8,39,14.2
W00010137,W00010137,303,91.5,28,8.5
W00010138,W00010138,313,89.9,35,10.1
W00010139,W00010139,255,85.9,42,14.1
W00010140,W00010140,330,73.3,120,26.7
W00010141,W00010141,143,83.1,29,16.9
W00010142,W00010142,269,85.9,44,14.1
W00010143,W00010143,244,89.4,29,10.6
W00010146,W00010146,279,89.1,34,10.9
W00010147,W00010147,202,88.2,27,11.8
W00010148,W00010148,140,87.5,20,12.5
W00010149,W00010149,294,88,40,12
W00010151,W00010151,273,83.7,53,16.3
W00010152,W00010152,308,79,82,21
W00010153,W00010153,206,87.7,29,12.3
W00010154,W00010154,245,87.8,34,12.2
W00010155,W00010155,196,85.6,33,14.4
W00010156,W00010156,161,88,22,12
W00010157,W00010157,250,80.4,61,19.6
W00010158,W00010158,280,84.1,53,15.9
W00010159,W00010159,396,83.5,78,16.5
W00010160,W00010160,157,84.4,29,15.6
W00010161,W00010161,256,88.9,32,11.1
W00010162,W00010162,216,82.4,46,17.6
W00010163,W00010163,288,80.7,69,19.3
W00010164,W00010164,177,83.1,36,16.9
W00010165,W00010165,326,89.3,39,10.7
W00010166,W00010166,257,88,35,12
W00010167,W00010167,156,86.7,24,13.3
W00010168,W00010168,210,87.1,31,12.9
W00010169,W00010169,380,87.6,54,12.4
W00010170,W00010170,172,88.7,22,11.3
W00010171,W00010171,244,86.8,37,13.2
W00010172,W00010172,294,87,44,13
W00010173,W00010173,219,86.9,33,13.1
W00010174,W00010174,205,83,42,17
W00010175,W00010175,163,83.6,32,16.4
W00010176,W00010176,297,83.4,59,16.6
W00010179,W00010179,378,88.1,51,11.9
W00010180,W00010180,296,85.8,49,14.2
W00010181,W00010181,195,86.7,30,13.3
W00010182,W00010182,258,77.9,73,22.1
W00010183,W00010183,300,82.4,64,17.6
W00010184,W00010184,233,83.8,45,16.2
W00010185,W00010185,245,84.8,44,15.2
W00010186,W00010186,157,86.7,24,13.3
W00010187,W00010187,317,80.9,75,19.1
W00010188,W00010188,116,83.5,23,16.5
W00010189,W00010189,223,86.1,36,13.9
W00010190,W00010190,257,87.4,37,12.6
W00010191,W00010191,161,87,24,13
W00010192,W00010192,393,81.2,91,18.8
W00010193,W00010193,278,89.4,33,10.6
W00010194,W00010194,317,87.3,46,12.7
W00010195,W00010195,128,82.6,27,17.4
W00010196,W00010196,154,91.1,15,8.9
W00010197,W00010197,168,88.9,21,11.1
W00010198,W00010198,237,89.1,29,10.9
W00010199,W00010199,211,83.1,43,16.9
W00010200,W00010200,222,90.6,23,9.4
W00010201,W00010201,204,87.9,28,12.1
W00010202,W00010202,188,88.7,24,11.3
W00010203,W00010203,168,91.3,16,8.7
W00010204,W00010204,190,84.8,34,15.2
W00010205,W00010205,622,91.3,59,8.7
W00010206,W00010206,219,91.2,21,8.8
W00010207,W00010207,362,88.9,45,11.1
W00010208,W00010208,175,91.6,16,8.4
W00010210,W00010210,114,83.2,23,16.8
W00010211,W00010211,136,90.7,14,9.3
W00010212,W00010212,102,92.7,8,7.3
W00010213,W00010213,114,86.4,18,13.6
W00010214,W00010214,233,86.6,36,13.4
W00010215,W00010215,192,88.1,26,11.9
W00010216,W00010216,201,88.9,25,11.1
W00010217,W00010217,211,85.4,36,14.6
W00010218,W00010218,170,80.2,42,19.8
W00010219,W00010219,278,86.6,43,13.4
W00010221,W00010221,230,81,54,19
W00010222,W00010222,243,76.2,76,23.8
W00010223,W00010223,834,91.3,79,8.7
W00010224,W00010224,177,87.6,25,12.4
W00010225,W00010225,209,85,37,15
W00010227,W00010227,201,75.3,66,24.7
W00010228,W00010228,256,74.2,89,25.8
W00010229,W00010229,157,83.1,32,16.9
W00010230,W00010230,120,88.2,16,11.8
W00010231,W00010231,183,70.7,76,29.3
W00010232,W00010232,68,68.7,31,31.3
W00010363,W00010363,133,78.2,37,21.8
W00010497,W00010497,1532,89.3,183,10.7
W00010498,W00010498,1315,88.6,170,11.4
W00010500,W00010500,215,86.3,34,13.7
W00010502,W00010502,189,84.4,35,15.6
W00010510,W00010510,105,89,13,11
W00010517,W00010517,255,91.4,24,8.6
W00010519,W00010519,551,90,61,10
W00010522,W00010522,254,80.4,62,19.6
W00010523,W00010523,170,94.4,10,5.6
W00010526,W00010526,229,87.1,34,12.9
W00010528,W00010528,315,83.3,63,16.7
W00010529,W00010529,120,87,18,13
W00010534,W00010534,294,91,29,9
W00010535,W00010535,285,82.6,60,17.4
W00010536,W00010536,313,88.4,41,11.6
W00010537,W00010537,200,93.5,14,6.5
W00010538,W00010538,259,82.2,56,17.8
W00010541,W00010541,746,94.2,46,5.8
W00010542,W00010542,167,96,7,4
W00010546,W00010546,171,83.4,34,16.6
W00010549,W00010549,238,89.8,27,10.2
W00010552,W00010552,216,87.1,32,12.9
W00010556,W00010556,141,69.1,63,30.9
W00010558,W00010558,246,85.1,43,14.9
W00010559,W00010559,472,92.4,39,7.6
W00010560,W00010560,249,91.5,23,8.5
W00010562,W00010562,260,78.1,73,21.9
W00010568,W00010568,351,87.5,50,12.5
W00010569,W00010569,443,87.9,61,12.1
W00010572,W00010572,97,71.3,39,28.7
W00010573,W00010573,340,92.6,27,7.4
W00010574,W00010574,201,84.5,37,15.5
W00010579,W00010579,214,84.9,38,15.1
W00010580,W00010580,523,84.8,94,15.2
W00010581,W00010581,136,85,24,15
W00010584,W00010584,306,92.4,25,7.6
W00010585,W00010585,215,81.4,49,18.6
W00010586,W00010586,230,89.1,28,10.9
W00010587,W00010587,339,75.2,112,24.8
W00010589,W00010589,97,97,3,3
W00010594,W00010594,262,88.8,33,11.2
W00010595,W00010595,239,83,49,17
W00010596,W00010596,231,81.6,52,18.4
W00010597,W00010597,193,89.8,22,10.2
W00010600,W00010600,208,77.6,60,22.4
W00010601,W00010601,133,91.7,12,8.3
W00010602,W00010602,228,80.6,55,19.4
W00010603,W00010603,518,83.7,101,16.3
W00010612,W00010612,141,65.3,75,34.7
W00010613,W00010613,259,84.9,46,15.1
W00010615,W00010615,242,85.2,42,14.8
W00010623,W00010623,249,90.5,26,9.5
W00010626,W00010626,263,91.6,24,8.4
W00010629,W00010629,221,86.7,34,13.3
W00010630,W00010630,461,89.7,53,10.3
W00010631,W00010631,229,85.1,40,14.9
W00010633,W00010633,457,95.2,23,4.8
W00010635,W00010635,179,92.7,14,7.3
W00010636,W00010636,168,65.6,88,34.4
W00010638,W00010638,165,83.3,33,16.7
W00010639,W00010639,302,90.1,33,9.9
W00010640,W00010640,318,89.6,37,10.4
W00010641,W00010641,449,82.4,96,17.6
W00010643,W00010643,290,90.1,32,9.9
W00010644,W00010644,232,83.8,45,16.2
W00010645,W00010645,252,89.4,30,10.6
W00010646,W00010646,294,81.9,65,18.1
W00010648,W00010648,325,90.3,35,9.7
W00010649,W00010649,103,87.3,15,12.7
